{
  "total_time": 307.66600275039673,
  "total_time_minutes": 5.127766712506612,
  "total_time_hours": 0.08546277854177686,
  "time_by_model": {
    "openai/gpt-oss-120b": 307.64429473876953
  },
  "time_by_model_minutes": {
    "openai/gpt-oss-120b": 5.127404912312826
  },
  "node_times": [
    37.07652497291565,
    66.84753584861755,
    60.56224584579468,
    83.06469106674194,
    60.09329700469971
  ],
  "avg_node_time": 61.5288589477539,
  "avg_node_time_minutes": 1.025480982462565
}