{
  "total_time": 522.0199339389801,
  "total_time_minutes": 8.700332232316335,
  "total_time_hours": 0.14500553720527226,
  "time_by_model": {
    "openai/gpt-oss-120b": 521.9888277053833
  },
  "time_by_model_minutes": {
    "openai/gpt-oss-120b": 8.699813795089721
  },
  "node_times": [
    37.07652497291565,
    66.84753584861755,
    60.56224584579468,
    83.06469106674194,
    60.09329700469971,
    82.87810492515564,
    58.25110411643982,
    73.21532392501831
  ],
  "avg_node_time": 65.24860346317291,
  "avg_node_time_minutes": 1.0874767243862151
}